{
  "created": 1468330122000,
  "duration": 10800000,
  "id": "232560779",
  "name": "#1 Front-End Mauritius Meetup Juillet 2016",
  "rsvp_limit": 23,
  "date_in_series_pattern": false,
  "status": "past",
  "time": 1469858400000,
  "local_date": "2016-07-30",
  "local_time": "10:00",
  "rsvp_close_offset": "PT16H",
  "updated": 1470053358000,
  "utc_offset": 14400000,
  "waitlist_count": 0,
  "yes_rsvp_count": 22,
  "venue": {
    "id": 24574319,
    "name": "Extension Interactive",
    "lat": -20.26485252380371,
    "lon": 57.48430633544922,
    "repinned": false,
    "address_1": "14 Avenue des Lataniers, Quatre Bornes",
    "city": "Quatre Bornes",
    "country": "mu",
    "localized_country_name": "Mauritius"
  },
  "is_online_event": false,
  "group": {
    "created": 1434578707000,
    "name": "Front-End Coders Mauritius",
    "id": 18680604,
    "join_mode": "open",
    "lat": -20.260000228881836,
    "lon": 57.470001220703125,
    "urlname": "frontendcodersmauritius",
    "who": "Front-End",
    "localized_location": "Quatre Bornes, Mauritius",
    "state": "",
    "country": "mu",
    "region": "en_US",
    "timezone": "Indian/Mauritius"
  },
  "link": "https://www.meetup.com/frontendcodersmauritius/events/232560779/",
  "description": "<p>Agenda:</p> <p>\u2022 10h00: Front-End developers Mauritius presentation<br/>\u2022 10h10: \"A reasonable coding approach to CSS and Sass\" by Umar Waliyullah<br/>\u2022 11h00: \"Vue.js Jumpstart\" by Humeira Diljore<br/>\u2022 11h45: \"Le futur, c'est maintenant avec CSS4\" by David Dias<br/>\u2022 12h30: Open discussions<br/>\u2022 13h00: END</p> ",
  "visibility": "public",
  "member_pay_fee": false
}
