{"created":1515656714000,"duration":7200000,"id":"246706424","name":"Front-End Coders Meetup","date_in_series_pattern":false,"status":"cancelled","time":1516437000000,"local_date":"2018-01-20","local_time":"12:30","updated":1516442856000,"utc_offset":14400000,"waitlist_count":0,"yes_rsvp_count":32,"venue":{"id":25689150,"name":"LSL Digital","lat":-20.164649963378906,"lon":57.50151824951172,"repinned":false,"address_1":"Brown Sequard Street","city":"Port Louis","country":"mu","localized_country_name":"Mauritius"},"is_online_event":false,"group":{"created":1434578707000,"name":"Front-End Coders Mauritius","id":18680604,"join_mode":"open","lat":-20.260000228881836,"lon":57.470001220703125,"urlname":"frontendcodersmauritius","who":"Front-End","localized_location":"Quatre Bornes, Mauritius","state":"","country":"mu","region":"en_US","timezone":"Indian/Mauritius"},"link":"https://www.meetup.com/frontendcodersmauritius/events/246706424/","description":"<p>**UPDATE**<br/>The Front-end Coders meetup scheduled for today has been postponed to next week due to bad weather conditions!</p> <p>We are holding our first 2018 meetup at the offices of LSL Digital in Port-Louis. It\u2019s a free event and everyone is welcome. Join us to discover presentations on topics including CSS grids and insights on how to freelance by members of our community and participate in coding activities. It is a great way to share ideas and meet like-minded people.</p> <p>Schedule and plan :<br/>12:30 - 12:50 : A keylogger using CSS only (Sun)<br/>13:00 - 13:20 : Going Freelance ( Cedric )<br/>13:30 - 13:50 : Discover CSS Grid<br/>14:00 - 14:30 : Open Q&amp;A and Coding Challenges</p> <p>Food<br/>We will provide a light snacks for attendees. Vegetarian options will be available. Alternatively, there are local shops and cafes nearby.</p> <p>Tickets<br/>This is a free event and seats are limited. Please RSVP.</p> <p>Who are we?<br/>Front-End Coders is a global community for web professionals and students which focuses on education, innovation and networking.</p> ","visibility":"public","member_pay_fee":false}