{"created":1530625537000,"duration":12600000,"id":"252398968","name":"TypeScript: A gentle introduction","rsvp_limit":30,"date_in_series_pattern":false,"status":"past","time":1537599600000,"local_date":"2018-09-22","local_time":"11:00","updated":1537614068000,"utc_offset":14400000,"waitlist_count":0,"yes_rsvp_count":25,"venue":{"id":24574319,"name":"Extension Interactive","lat":-20.26485252380371,"lon":57.48430633544922,"repinned":true,"address_1":"14 Avenue des Lataniers, Quatre Bornes","city":"Quatre Bornes","country":"mu","localized_country_name":"Mauritius"},"is_online_event":false,"group":{"created":1434578707000,"name":"Front-End Coders Mauritius","id":18680604,"join_mode":"open","lat":-20.260000228881836,"lon":57.470001220703125,"urlname":"frontendcodersmauritius","who":"Front-End","localized_location":"Quatre Bornes, Mauritius","state":"","country":"mu","region":"en_US","timezone":"Indian/Mauritius"},"link":"https://www.meetup.com/frontendcodersmauritius/events/252398968/","description":"<p>Session 1 : Introduction to TypeScript by Saamiyah - Front-end Coders<br/>Session 2: How KDE is perfect for you! by Privi - LUGM</p> <p>TypeScript is a typed superset of javascript. It can be used across the whole JavaScript ecosystem, and works well with frameworks such as Angular, React, Vue and NodeJS.</p> <p>It has been designed to meet the needs of JavaScript programming teams that build and maintain large JavaScript programs.</p> <p>Come join us to learn about TypeScript and improve your understanding of the language.</p> <p>Speaker: Saamiyah ~ Software developer @ Maureva LTD</p> <p>---------------------------------------------------------------<br/>How KDE is perfect for you!</p> <p>From the Big Bang to KDE</p> <p>An overview of the Technology underneath KDE and what makes it tick<br/>Advanced usage of a Desktop and what you have been missing all these years</p> <p>Introduction to plasma, plasmoids and qml</p> <p>If possible create a KDE Hello world app as well as a webapp.<br/>Speaker: Pritvi Jheengut - The one and only<br/>---------------------------------------------------------------</p> <p>Session 3 : Surprise !</p> ","how_to_find_us":"Call Sun, 57083334","visibility":"public","member_pay_fee":false}