{"created":1550242177000,"duration":12600000,"id":"258989793","name":"Front-End Coders x MSCC","rsvp_limit":20,"date_in_series_pattern":false,"status":"past","time":1550905200000,"local_date":"2019-02-23","local_time":"11:00","rsvp_open_offset":"PT163H30M","rsvp_close_offset":"PT11H1M","updated":1550921285000,"utc_offset":14400000,"waitlist_count":0,"yes_rsvp_count":12,"venue":{"id":26176152,"name":"Makerspace","lat":-20.29543685913086,"lon":57.48204040527344,"repinned":false,"address_1":"Vingta Lane 1","address_2":"Modern","city":"Vacoas-Phoenix","country":"MU","localized_country_name":"Mauritius"},"is_online_event":false,"group":{"created":1434578707000,"name":"Front-End Coders Mauritius","id":18680604,"join_mode":"open","lat":-20.260000228881836,"lon":57.470001220703125,"urlname":"frontendcodersmauritius","who":"Front-End","localized_location":"Quatre Bornes, Mauritius","state":"","country":"mu","region":"en_US","timezone":"Indian/Mauritius"},"link":"https://www.meetup.com/frontendcodersmauritius/events/258989793/","description":"<p>Location<br/>Makerspace / Generation Plus Ltd<br/>Vacoas-Phoenix<br/><a href=\"https://maps.app.goo.gl/Z9sYP\" class=\"linkified\">https://maps.app.goo.gl/Z9sYP</a></p> <p>Timing<br/>Start time: 11:00 am<br/>End time: 2:30 pm<br/>Lunch: 12:20 pm - 1:10 pm</p> <p>Slot details<br/>Total duration: 40 min<br/>Sections: setup - presentation - QnA</p> <p>Presentations - Speakers</p> <p>Christophe Ramsamy<br/>\u201cIntroduction to Heroku, or how to send your pet projects to the cloud\u201d</p> <p>Bilkiss Dulloo<br/>\u201cTranslating an angular application into a mobile app with ionic\u201d</p> <p>Rahul Thakoor<br/>\"Hardware programming for javascript developers?\"</p> ","how_to_find_us":"https://maps.app.goo.gl/Z9sYP","visibility":"public","member_pay_fee":false}