{"created":1559317699000,"duration":16200000,"id":"261929807","name":"Front-End Coders Monthly - JUNE","rsvp_limit":30,"date_in_series_pattern":false,"status":"past","time":1561181400000,"local_date":"2019-06-22","local_time":"09:30","rsvp_close_offset":"PT18H","updated":1561199079000,"utc_offset":14400000,"waitlist_count":0,"yes_rsvp_count":20,"venue":{"id":26434455,"name":"Techsphere Labs","lat":-20.223800659179688,"lon":57.51654815673828,"repinned":true,"address_1":"Souvenir Street, Gentilly Rd, Moka","city":"Moka","country":"mu","localized_country_name":"Mauritius"},"is_online_event":false,"group":{"created":1434578707000,"name":"Front-End Coders Mauritius","id":18680604,"join_mode":"open","lat":-20.260000228881836,"lon":57.470001220703125,"urlname":"frontendcodersmauritius","who":"Front-End","localized_location":"Quatre Bornes, Mauritius","state":"","country":"mu","region":"en_US","timezone":"Indian/Mauritius"},"link":"https://www.meetup.com/frontendcodersmauritius/events/261929807/","description":"<p>Front End Coders welcomes you to June's monthly meetup!<br/>Join us for front-end talks and some announcements about tech scene!</p> <p>Location<br/>Techsphere Labs,<br/>Moka<br/><a href=\"https://goo.gl/maps/b3mp3Aa57rfFFex8A\" class=\"linkified\">https://goo.gl/maps/b3mp3Aa57rfFFex8A</a></p> <p>Date: 22 June 2019</p> <p>Timing:<br/>Start: 9:30 am<br/>Finish: 2:00 pm<br/>Lunch: 12:30 pm - 1:15 pm</p> <p>No worries, lunch is on us! 😉</p> <p>Max capacity: 25 attendees</p> <p>Agenda:<br/>- Three presentations<br/>- Announcements</p> <p>Line-up, Topic - Speaker:<br/>CSS Name Spaces - Kushul Soomaree<br/>Web Components - Cedric Poilly<br/>Functional JavaScript - Christophe Ramsammy<br/>\"Tech Topic Discussions\" - Sandeep Ramgoolam</p> <p>Slot guidelines (40 min):<br/>- presentation duration: 30 min<br/>- Q &amp; A duration: 10 min</p> ","how_to_find_us":"Please call Bilkiss for instructions at 5740 4845","visibility":"public","member_pay_fee":false}