{"created":1562752011000,"duration":7200000,"id":"263025328","name":"Front-End Coders Monthly - JULY","rsvp_limit":30,"date_in_series_pattern":false,"status":"past","time":1563602400000,"local_date":"2019-07-20","local_time":"10:00","rsvp_close_offset":"PT16H30M","updated":1563613163000,"utc_offset":14400000,"waitlist_count":0,"yes_rsvp_count":7,"venue":{"id":26434455,"name":"Techsphere Labs","lat":-20.2242374420166,"lon":57.5082893371582,"repinned":true,"address_1":"Souvenir Street, Gentilly Rd, Moka","city":"Moka","country":"mu","localized_country_name":"Mauritius"},"is_online_event":false,"group":{"created":1434578707000,"name":"Front-End Coders Mauritius","id":18680604,"join_mode":"open","lat":-20.260000228881836,"lon":57.470001220703125,"urlname":"frontendcodersmauritius","who":"Front-End","localized_location":"Quatre Bornes, Mauritius","state":"","country":"mu","region":"en_US","timezone":"Indian/Mauritius"},"link":"https://www.meetup.com/frontendcodersmauritius/events/263025328/","description":"<p>Front End Coders welcomes you to July's monthly meetup!<br/>Join us for front-end presentations and tech discussions!</p> <p># Location:<br/>Techsphere Labs,<br/>Moka<br/><a href=\"https://goo.gl/maps/b3mp3Aa57rfFFex8A\" class=\"linkified\">https://goo.gl/maps/b3mp3Aa57rfFFex8A</a></p> <p>Date: 20 July 2019</p> <p># Timing:<br/>Start: 10:00<br/>Finish: 12:00</p> <p>Max capacity: 25 attendees</p> <p>Agenda:<br/>- Three presentations<br/>- Announcements</p> <p># Topic - Speaker</p> <p>\"Set up a blog with Netlify in less than 10 minutes. \" - Humeira Diljore</p> <p>\"What the Svelte!?\" - Jules Michaël</p> <p>\"Angular tips - solving some common problems\" - Bilkiss Dulloo</p> ","how_to_find_us":"Please call Bilkiss for instructions at 5740 4845","visibility":"public","member_pay_fee":false}