{"created":1568567585000,"duration":18000000,"id":"264869963","name":"Front-End Coders Monthly - SEPTEMBER","rsvp_limit":30,"date_in_series_pattern":false,"status":"past","time":1569045600000,"local_date":"2019-09-21","local_time":"10:00","updated":1569065201000,"utc_offset":14400000,"waitlist_count":0,"yes_rsvp_count":12,"venue":{"id":24574319,"name":"Extension Interactive","lat":-20.26485252380371,"lon":57.48430633544922,"repinned":false,"address_1":"14 Avenue des Lataniers, Quatre Bornes","city":"Quatre Bornes","country":"mu","localized_country_name":"Mauritius"},"is_online_event":false,"group":{"created":1434578707000,"name":"Front-End Coders Mauritius","id":18680604,"join_mode":"open","lat":-20.260000228881836,"lon":57.470001220703125,"urlname":"frontendcodersmauritius","who":"Front-End","localized_location":"Quatre Bornes, Mauritius","state":"","country":"mu","region":"en_US","timezone":"Indian/Mauritius"},"link":"https://www.meetup.com/frontendcodersmauritius/events/264869963/","description":"<p>Let's get ready for October! Front-End Coders is there you help you get ready for the Hacktoberfest &amp; the Google DevFest! ✌🏼</p> <p># Location:<br/>Extension Interactive Maurice<br/>14 Avenue des Lataniers, Quatre Bornes<br/><a href=\"https://maps.app.goo.gl/qcgwPuGKRqnnpWnu9\" class=\"linkified\">https://maps.app.goo.gl/qcgwPuGKRqnnpWnu9</a></p> <p>Date: 21 September 2019</p> <p># Timing:<br/>Start: 10:00<br/>Finish: 15:00</p> <p>Max capacity: 25 attendees</p> <p># Agenda:<br/>- Presentation &amp; preparations for Hacktoberfest, with Pritvi! 🤘🏼<br/>- Practice runs for Google DevFest: test your presentation &amp; collect feedback. 😉</p> <p># FREE FOOD 🍕</p> ","visibility":"public","member_pay_fee":false}