{"created":1579606509000,"duration":18000000,"id":"268082737","name":"Front-End Coders Monthly - Jan 2020","rsvp_limit":20,"date_in_series_pattern":false,"status":"cancelled","time":1580538600000,"local_date":"2020-02-01","local_time":"10:30","rsvp_close_offset":"PT30M","updated":1580545281000,"utc_offset":14400000,"waitlist_count":0,"yes_rsvp_count":14,"venue":{"id":26822706,"name":"Bocasay (Maurice)","lat":-20.245864868164062,"lon":57.490169525146484,"repinned":true,"address_1":"51A Rue du Savoir","city":"Quatre Bornes","country":"mu","localized_country_name":"Mauritius"},"is_online_event":false,"group":{"created":1434578707000,"name":"Front-End Coders Mauritius","id":18680604,"join_mode":"open","lat":-20.260000228881836,"lon":57.470001220703125,"urlname":"frontendcodersmauritius","who":"Front-End","localized_location":"Quatre Bornes, Mauritius","state":"","country":"mu","region":"en_US","timezone":"Indian/Mauritius"},"link":"https://www.meetup.com/frontendcodersmauritius/events/268082737/","description":"<p>Hello Front-End Coders!<br/>Let's meet this Saturday and start 2020 with our first monthly meetup. ✌️</p> <p>Thanks to Bocasay (<a href=\"https://www.bocasay.com/\" class=\"linkified\">https://www.bocasay.com/</a>) &amp; Tristan Hebert for hosting us!</p> <p>Location<br/>Bocasay (Maurice)<br/>51A Rue du Savoir, Ebene 72201<br/><a href=\"https://maps.app.goo.gl/dvHE768DM2zonnoq5\" class=\"linkified\">https://maps.app.goo.gl/dvHE768DM2zonnoq5</a></p> <p>Date: (POSTPONED) Tentatively Saturday 1st Feb</p> <p>Contact:<br/>Sandeep -[masked]<br/>Cedric -[masked]</p> <p>Timing:<br/>Start: 10:00<br/>Finish: 15:00</p> <p>Max capacity: 20 people</p> <p>Agenda:<br/>- Discuss the yearly organisation of Front-End Coders<br/>- Discuss potential activities as Front-End Coders for the DevCon<br/>- Discuss Contributing to the Devcon(2020) website<br/>- Practice runs for DevCon presentations</p> <p># FREE FOOD 🍕</p> ","how_to_find_us":"Opposite to the MCCI, in the building where there's a Sony outlet.","visibility":"public","member_pay_fee":false}