{"created":1582641194000,"duration":16200000,"id":"268977842","name":"Front-End Coders Monthly #2 - 21 Mar 2020","rsvp_limit":35,"date_in_series_pattern":false,"status":"cancelled","time":1584772200000,"local_date":"2020-03-21","local_time":"10:30","rsvp_open_offset":"PT336H","rsvp_close_offset":"PT25H30M","updated":1584777927000,"utc_offset":14400000,"waitlist_count":0,"yes_rsvp_count":20,"venue":{"id":26883522,"name":"Middlesex University Mauritius","lat":-20.280248641967773,"lon":57.39696502685547,"repinned":true,"address_1":"Coastal Rd, Flic en Flac","city":"Flic en Flac","country":"mu","localized_country_name":"Mauritius"},"is_online_event":false,"group":{"created":1434578707000,"name":"Front-End Coders Mauritius","id":18680604,"join_mode":"open","lat":-20.260000228881836,"lon":57.470001220703125,"urlname":"frontendcodersmauritius","who":"Front-End","localized_location":"Quatre Bornes, Mauritius","state":"","country":"mu","region":"en_US","timezone":"Indian/Mauritius"},"link":"https://www.meetup.com/frontendcodersmauritius/events/268977842/","description":"<p>⚠️ UPDATES 15/03/2020 ⚠️<br/>---<br/>Due to the current situation and for safety reasons. We think it's best that we avoid gatherings right now. We have decided to postponed the next front-end coders meetup. The next date will be communicated on meetup as usual. Let us know if you would be interested in an online meetup ?</p> <p>Thank you for your understanding.<br/>Wash your hands and stay safe<br/>Front-end Coders Team<br/>---</p> <p>Hello Front-End Coders &amp; Crafts(wo)men!</p> <p>Let's meet on the Saturday 21st of March for FEC's second monthly meetup: a joint event with the MSCC! 🥳🎉</p> <p>Thanks to Middlesex University Mauritius for hosting us!</p> <p>Location<br/><a href=\"https://goo.gl/maps/FMxhexL8qqAWLwDy7\" class=\"linkified\">https://goo.gl/maps/FMxhexL8qqAWLwDy7</a></p> <p>Contact:<br/>Sandeep -[masked]<br/>Cedric -[masked]</p> <p>Timing:<br/>Start: 10:30<br/>Finish: 15:00</p> <p>Max capacity:<br/>TBD</p> <p>Agenda:<br/>- VueJS Mauritius<br/>- JWT (JSON Web Token) from Back-End to Front-End (with Vue.js)<br/>- PWAs: Beyond The Service Worker (with Vue.js)<br/>- Basic Concept of React.js</p> <p># FREE FOOD 🍕</p> ","visibility":"public","member_pay_fee":false}