{"created":1586864936000,"duration":5400000,"id":"270040148","name":"Front-end Coders x Gophermu April Online Meetup","date_in_series_pattern":false,"status":"past","time":1587484800000,"local_date":"2020-04-21","local_time":"20:00","updated":1587494430000,"utc_offset":14400000,"waitlist_count":0,"yes_rsvp_count":21,"venue":{"id":26906060,"name":"Online event","repinned":false,"country":"","localized_country_name":""},"is_online_event":true,"group":{"created":1434578707000,"name":"Front-End Coders Mauritius","id":18680604,"join_mode":"open","lat":-20.260000228881836,"lon":57.470001220703125,"urlname":"frontendcodersmauritius","who":"Front-End","localized_location":"Quatre Bornes, Mauritius","state":"","country":"mu","region":"en_US","timezone":"Indian/Mauritius"},"link":"https://www.meetup.com/frontendcodersmauritius/events/270040148/","description":"<p>Join us for an online meetup to talk about the front-end world and a few interesting topics !</p> <p>Also joining us will be GophersMU group to talk about go and do some small presentations.</p> <p># Topics<br/>- Exploring Vue Composition API (Sandeep)<br/>- Vue experience sharing (Kushul)<br/>- Go Routines (Jules)<br/>- A Telegram Bot in Go (Yusuf)</p> <p>Join on the following link:<br/><a href=\"https://meet.mscc.mu/FabulousFrontendFantasies\" class=\"linkified\">https://meet.mscc.mu/FabulousFrontendFantasies</a></p> <p>We only have simple rules:<br/>- Kindly mute your mic when you're not speaking<br/>- Use the chat to ask questions<br/>- Be nice<br/>- Be Friendly<br/>- Be Courteous</p> ","visibility":"public","member_pay_fee":false}