{"created":1588330967000,"duration":7200000,"id":"270381025","name":"Front-end Coders - May Online Meetup","date_in_series_pattern":false,"status":"past","time":1588690800000,"local_date":"2020-05-05","local_time":"19:00","updated":1588700187000,"utc_offset":14400000,"waitlist_count":0,"yes_rsvp_count":9,"venue":{"id":26906060,"name":"Online event","repinned":false,"country":"","localized_country_name":""},"is_online_event":true,"group":{"created":1434578707000,"name":"Front-End Coders Mauritius","id":18680604,"join_mode":"open","lat":-20.260000228881836,"lon":57.470001220703125,"urlname":"frontendcodersmauritius","who":"Front-End","localized_location":"Quatre Bornes, Mauritius","state":"","country":"mu","region":"en_US","timezone":"Indian/Mauritius"},"link":"https://www.meetup.com/frontendcodersmauritius/events/270381025/","description":"<p>Join us for an online meetup to talk about the front-end world and a few interesting topics !</p> <p># Topics<br/>- NuxtJS Darkmode (Kushul)<br/>- Vue 3 Portals / Teleport (Sandeep)<br/>- Vite - vuejs, development without a bundler (Sandeep)<br/>- Open discussion</p> <p>Join on the following link:<br/><a href=\"https://meet.mscc.mu/FabulousFrontendFantasies\" class=\"linkified\">https://meet.mscc.mu/FabulousFrontendFantasies</a></p> <p>We only have simple rules:<br/>- Kindly mute your mic when you're not speaking<br/>- Use the chat to ask questions<br/>- Be nice<br/>- Be Friendly<br/>- Be Courteous</p> ","visibility":"public","member_pay_fee":false}