{"created":1601316325000,"duration":10800000,"id":"273573909","name":"Front-end Coders October Meetup","rsvp_limit":25,"date_in_series_pattern":false,"status":"past","time":1602307800000,"local_date":"2020-10-10","local_time":"09:30","updated":1602403604000,"utc_offset":14400000,"waitlist_count":0,"yes_rsvp_count":15,"venue":{"id":26822706,"name":"Bocasay (Maurice)","lat":-20.245864868164062,"lon":57.490169525146484,"repinned":true,"address_1":"51A Rue du Savoir","city":"Quatre Bornes","country":"mu","localized_country_name":"Mauritius"},"is_online_event":false,"group":{"created":1434578707000,"name":"Front-End Coders Mauritius","id":18680604,"join_mode":"open","lat":-20.260000228881836,"lon":57.470001220703125,"urlname":"frontendcodersmauritius","who":"Front-End","localized_location":"Quatre Bornes, Mauritius","state":"","country":"mu","region":"en_US","timezone":"Indian/Mauritius"},"link":"https://www.meetup.com/frontendcodersmauritius/events/273573909/","description":"<p>A series of interesting talks to reignite the meetup vibes on the island !</p> <p>.topics {<br/>- ReactivityEverywhere.js - Giovanni Jules Mikeal<br/>- Developers are not just code writers - Cedric Poilly<br/>- to be announced soon!<br/>}</p> <p>Bocasay has been very kind and agreed to host us once again!</p> <p>to book your seat and let your friends know :D</p> <p>HEALTH AND SAFETY PRECAUTIONS:</p> <p>- Please wear a mask.<br/>- Use hand sanitizers at the entrance.<br/>- Social distancing rules apply inside the meetup.</p> ","visibility":"public","member_pay_fee":false}